{"loss": [0.39676713943481445, 0.08753713220357895, 0.03358533978462219, 0.020436374470591545, 0.011065701954066753, 0.008426315151154995, 0.004272636026144028, 0.0033825382124632597, 0.0020911989267915487, 0.0016258019022643566], "accuracy": [0.8930768966674805, 0.9807692170143127, 0.9923076629638672, 0.9958974123001099, 0.9984615445137024, 0.9987179636955261, 0.9997435808181763, 1.0, 1.0, 1.0], "val_loss": [0.18233247101306915, 0.0725293979048729, 0.06165887787938118, 0.03941895067691803, 0.051970381289720535, 0.040284380316734314, 0.04463871195912361, 0.05237269029021263, 0.04826299846172333, 0.05242954567074776], "val_accuracy": [0.934808611869812, 0.9778708219528198, 0.9844497442245483, 0.9904305934906006, 0.9874401688575745, 0.9904305934906006, 0.9898325204849243, 0.9880383014678955, 0.9904305934906006, 0.9904305934906006]}